"filename", "language", "Markdown", "PHP", "Batch", "Ruby", "JavaScript", "CSS", "Docker", "YAML", "Shell Script", "Properties", "JSON", "MS SQL", "comment", "blank", "total"
"d:\wamp64\www\darkened-hub-dev\LICENSE.md", "Markdown", 26, 0, 0, 0, 0, 0, 0, 0, 0, 0, 0, 0, 0, 4, 30
"d:\wamp64\www\darkened-hub-dev\README.md", "Markdown", 7, 0, 0, 0, 0, 0, 0, 0, 0, 0, 0, 0, 0, 1, 8
"d:\wamp64\www\darkened-hub-dev\Vagrantfile", "Ruby", 0, 0, 0, 52, 0, 0, 0, 0, 0, 0, 0, 0, 19, 18, 89
"d:\wamp64\www\darkened-hub-dev\backend\Dockerfile", "Docker", 0, 0, 0, 0, 0, 0, 2, 0, 0, 0, 0, 0, 1, 2, 5
"d:\wamp64\www\darkened-hub-dev\backend\assets\AppAsset.php", "PHP", 0, 17, 0, 0, 0, 0, 0, 0, 0, 0, 0, 0, 3, 4, 24
"d:\wamp64\www\darkened-hub-dev\backend\codeception.yml", "YAML", 0, 0, 0, 0, 0, 0, 0, 15, 0, 0, 0, 0, 0, 1, 16
"d:\wamp64\www\darkened-hub-dev\backend\config\bootstrap.php", "PHP", 0, 1, 0, 0, 0, 0, 0, 0, 0, 0, 0, 0, 0, 1, 2
"d:\wamp64\www\darkened-hub-dev\backend\config\main.php", "PHP", 0, 60, 0, 0, 0, 0, 0, 0, 0, 0, 0, 0, 1, 2, 63
"d:\wamp64\www\darkened-hub-dev\backend\config\params.php", "PHP", 0, 4, 0, 0, 0, 0, 0, 0, 0, 0, 0, 0, 0, 1, 5
"d:\wamp64\www\darkened-hub-dev\backend\config\test.php", "PHP", 0, 15, 0, 0, 0, 0, 0, 0, 0, 0, 0, 0, 0, 1, 16
"d:\wamp64\www\darkened-hub-dev\backend\controllers\AnnouncementController.php", "PHP", 0, 82, 0, 0, 0, 0, 0, 0, 0, 0, 0, 0, 37, 16, 135
"d:\wamp64\www\darkened-hub-dev\backend\controllers\ConcertController.php", "PHP", 0, 81, 0, 0, 0, 0, 0, 0, 0, 0, 0, 0, 37, 16, 134
"d:\wamp64\www\darkened-hub-dev\backend\controllers\ProposalController.php", "PHP", 0, 81, 0, 0, 0, 0, 0, 0, 0, 0, 0, 0, 37, 16, 134
"d:\wamp64\www\darkened-hub-dev\backend\controllers\PublicProposalController.php", "PHP", 0, 82, 0, 0, 0, 0, 0, 0, 0, 0, 0, 0, 37, 16, 135
"d:\wamp64\www\darkened-hub-dev\backend\controllers\SiteController.php", "PHP", 0, 68, 0, 0, 0, 0, 0, 0, 0, 0, 0, 0, 24, 13, 105
"d:\wamp64\www\darkened-hub-dev\backend\controllers\SongController.php", "PHP", 0, 81, 0, 0, 0, 0, 0, 0, 0, 0, 0, 0, 37, 16, 134
"d:\wamp64\www\darkened-hub-dev\backend\controllers\UserController.php", "PHP", 0, 88, 0, 0, 0, 0, 0, 0, 0, 0, 0, 0, 37, 16, 141
"d:\wamp64\www\darkened-hub-dev\backend\models\LoginForm.php", "PHP", 0, 43, 0, 0, 0, 0, 0, 0, 0, 0, 0, 0, 26, 12, 81
"d:\wamp64\www\darkened-hub-dev\backend\tests\_bootstrap.php", "PHP", 0, 8, 0, 0, 0, 0, 0, 0, 0, 0, 0, 0, 0, 3, 11
"d:\wamp64\www\darkened-hub-dev\backend\tests\_data\login_data.php", "PHP", 0, 12, 0, 0, 0, 0, 0, 0, 0, 0, 0, 0, 1, 1, 14
"d:\wamp64\www\darkened-hub-dev\backend\tests\_support\FunctionalTester.php", "PHP", 0, 6, 0, 0, 0, 0, 0, 0, 0, 0, 0, 0, 18, 3, 27
"d:\wamp64\www\darkened-hub-dev\backend\tests\_support\UnitTester.php", "PHP", 0, 6, 0, 0, 0, 0, 0, 0, 0, 0, 0, 0, 18, 3, 27
"d:\wamp64\www\darkened-hub-dev\backend\tests\functional.suite.yml", "YAML", 0, 0, 0, 0, 0, 0, 0, 5, 0, 0, 0, 0, 0, 1, 6
"d:\wamp64\www\darkened-hub-dev\backend\tests\functional\LoginCest.php", "PHP", 0, 26, 0, 0, 0, 0, 0, 0, 0, 0, 0, 0, 13, 6, 45
"d:\wamp64\www\darkened-hub-dev\backend\tests\functional\_bootstrap.php", "PHP", 0, 1, 0, 0, 0, 0, 0, 0, 0, 0, 0, 0, 15, 0, 16
"d:\wamp64\www\darkened-hub-dev\backend\tests\unit.suite.yml", "YAML", 0, 0, 0, 0, 0, 0, 0, 2, 0, 0, 0, 0, 0, 1, 3
"d:\wamp64\www\darkened-hub-dev\backend\tests\unit\_bootstrap.php", "PHP", 0, 1, 0, 0, 0, 0, 0, 0, 0, 0, 0, 0, 15, 1, 17
"d:\wamp64\www\darkened-hub-dev\backend\translations\config.php", "PHP", 0, 25, 0, 0, 0, 0, 0, 0, 0, 0, 0, 0, 47, 6, 78
"d:\wamp64\www\darkened-hub-dev\backend\translations\ro\app.php", "PHP", 0, 88, 0, 0, 0, 0, 0, 0, 0, 0, 0, 0, 17, 1, 106
"d:\wamp64\www\darkened-hub-dev\backend\translations\ro\fileinput.php", "PHP", 0, 7, 0, 0, 0, 0, 0, 0, 0, 0, 0, 0, 17, 1, 25
"d:\wamp64\www\darkened-hub-dev\backend\translations\ro\kvbase.php", "PHP", 0, 4, 0, 0, 0, 0, 0, 0, 0, 0, 0, 0, 17, 1, 22
"d:\wamp64\www\darkened-hub-dev\backend\translations\ro\kvcolor.php", "PHP", 0, 9, 0, 0, 0, 0, 0, 0, 0, 0, 0, 0, 17, 1, 27
"d:\wamp64\www\darkened-hub-dev\backend\translations\ro\kvdate.php", "PHP", 0, 5, 0, 0, 0, 0, 0, 0, 0, 0, 0, 0, 17, 1, 23
"d:\wamp64\www\darkened-hub-dev\backend\translations\ro\kvdialog.php", "PHP", 0, 7, 0, 0, 0, 0, 0, 0, 0, 0, 0, 0, 0, 2, 9
"d:\wamp64\www\darkened-hub-dev\backend\translations\ro\kvdtime.php", "PHP", 0, 5, 0, 0, 0, 0, 0, 0, 0, 0, 0, 0, 17, 1, 23
"d:\wamp64\www\darkened-hub-dev\backend\translations\ro\kvgrid.php", "PHP", 0, 78, 0, 0, 0, 0, 0, 0, 0, 0, 0, 0, 17, 1, 96
"d:\wamp64\www\darkened-hub-dev\backend\translations\ro\kvselect.php", "PHP", 0, 5, 0, 0, 0, 0, 0, 0, 0, 0, 0, 0, 17, 1, 23
"d:\wamp64\www\darkened-hub-dev\backend\translations\ro\yii.php", "PHP", 0, 124, 0, 0, 0, 0, 0, 0, 0, 0, 0, 0, 17, 1, 142
"d:\wamp64\www\darkened-hub-dev\backend\translations\ro\yii\bootstrap5.php", "PHP", 0, 8, 0, 0, 0, 0, 0, 0, 0, 0, 0, 0, 17, 1, 26
"d:\wamp64\www\darkened-hub-dev\backend\views\announcement\_form.php", "PHP", 0, 17, 0, 0, 0, 0, 0, 0, 0, 0, 0, 0, 3, 9, 29
"d:\wamp64\www\darkened-hub-dev\backend\views\announcement\create.php", "PHP", 0, 12, 0, 0, 0, 0, 0, 0, 0, 0, 0, 0, 2, 7, 21
"d:\wamp64\www\darkened-hub-dev\backend\views\announcement\index.php", "PHP", 0, 35, 0, 0, 0, 0, 0, 0, 0, 0, 0, 0, 3, 11, 49
"d:\wamp64\www\darkened-hub-dev\backend\views\announcement\update.php", "PHP", 0, 13, 0, 0, 0, 0, 0, 0, 0, 0, 0, 0, 2, 6, 21
"d:\wamp64\www\darkened-hub-dev\backend\views\concert\_form.php", "PHP", 0, 18, 0, 0, 0, 0, 0, 0, 0, 0, 0, 0, 3, 11, 32
"d:\wamp64\www\darkened-hub-dev\backend\views\concert\create.php", "PHP", 0, 12, 0, 0, 0, 0, 0, 0, 0, 0, 0, 0, 2, 7, 21
"d:\wamp64\www\darkened-hub-dev\backend\views\concert\index.php", "PHP", 0, 36, 0, 0, 0, 0, 0, 0, 0, 0, 0, 0, 3, 10, 49
"d:\wamp64\www\darkened-hub-dev\backend\views\concert\update.php", "PHP", 0, 14, 0, 0, 0, 0, 0, 0, 0, 0, 0, 0, 2, 7, 23
"d:\wamp64\www\darkened-hub-dev\backend\views\layouts\blank.php", "PHP", 0, 26, 0, 0, 0, 0, 0, 0, 0, 0, 0, 0, 2, 6, 34
"d:\wamp64\www\darkened-hub-dev\backend\views\layouts\main.php", "PHP", 0, 71, 0, 0, 0, 0, 0, 0, 0, 0, 0, 0, 2, 8, 81
"d:\wamp64\www\darkened-hub-dev\backend\views\proposal\_form.php", "PHP", 0, 19, 0, 0, 0, 0, 0, 0, 0, 0, 0, 0, 3, 12, 34
"d:\wamp64\www\darkened-hub-dev\backend\views\proposal\create.php", "PHP", 0, 12, 0, 0, 0, 0, 0, 0, 0, 0, 0, 0, 2, 7, 21
"d:\wamp64\www\darkened-hub-dev\backend\views\proposal\index.php", "PHP", 0, 39, 0, 0, 0, 0, 0, 0, 0, 0, 0, 0, 3, 10, 52
"d:\wamp64\www\darkened-hub-dev\backend\views\proposal\update.php", "PHP", 0, 14, 0, 0, 0, 0, 0, 0, 0, 0, 0, 0, 2, 7, 23
"d:\wamp64\www\darkened-hub-dev\backend\views\public-proposal\_form.php", "PHP", 0, 18, 0, 0, 0, 0, 0, 0, 0, 0, 0, 0, 3, 11, 32
"d:\wamp64\www\darkened-hub-dev\backend\views\public-proposal\create.php", "PHP", 0, 12, 0, 0, 0, 0, 0, 0, 0, 0, 0, 0, 2, 7, 21
"d:\wamp64\www\darkened-hub-dev\backend\views\public-proposal\index.php", "PHP", 0, 38, 0, 0, 0, 0, 0, 0, 0, 0, 0, 0, 3, 10, 51
"d:\wamp64\www\darkened-hub-dev\backend\views\public-proposal\update.php", "PHP", 0, 14, 0, 0, 0, 0, 0, 0, 0, 0, 0, 0, 2, 7, 23
"d:\wamp64\www\darkened-hub-dev\backend\views\site\error.php", "PHP", 0, 16, 0, 0, 0, 0, 0, 0, 0, 0, 0, 0, 4, 8, 28
"d:\wamp64\www\darkened-hub-dev\backend\views\site\index.php", "PHP", 0, 8, 0, 0, 0, 0, 0, 0, 0, 0, 0, 0, 1, 8, 17
"d:\wamp64\www\darkened-hub-dev\backend\views\site\login.php", "PHP", 0, 19, 0, 0, 0, 0, 0, 0, 0, 0, 0, 0, 3, 11, 33
"d:\wamp64\www\darkened-hub-dev\backend\views\song\_form.php", "PHP", 0, 27, 0, 0, 0, 0, 0, 0, 0, 0, 0, 0, 3, 20, 50
"d:\wamp64\www\darkened-hub-dev\backend\views\song\create.php", "PHP", 0, 12, 0, 0, 0, 0, 0, 0, 0, 0, 0, 0, 2, 7, 21
"d:\wamp64\www\darkened-hub-dev\backend\views\song\index.php", "PHP", 0, 40, 0, 0, 0, 0, 0, 0, 0, 0, 0, 0, 10, 10, 60
"d:\wamp64\www\darkened-hub-dev\backend\views\song\update.php", "PHP", 0, 14, 0, 0, 0, 0, 0, 0, 0, 0, 0, 0, 2, 7, 23
"d:\wamp64\www\darkened-hub-dev\backend\views\user\_form.php", "PHP", 0, 25, 0, 0, 0, 0, 0, 0, 0, 0, 0, 0, 3, 17, 45
"d:\wamp64\www\darkened-hub-dev\backend\views\user\create.php", "PHP", 0, 12, 0, 0, 0, 0, 0, 0, 0, 0, 0, 0, 2, 7, 21
"d:\wamp64\www\darkened-hub-dev\backend\views\user\index.php", "PHP", 0, 47, 0, 0, 0, 0, 0, 0, 0, 0, 0, 0, 4, 10, 61
"d:\wamp64\www\darkened-hub-dev\backend\views\user\update.php", "PHP", 0, 14, 0, 0, 0, 0, 0, 0, 0, 0, 0, 0, 2, 7, 23
"d:\wamp64\www\darkened-hub-dev\backend\web\css\site.css", "CSS", 0, 0, 0, 0, 0, 74, 0, 0, 0, 0, 0, 0, 2, 15, 91
"d:\wamp64\www\darkened-hub-dev\backend\web\index-test.php", "PHP", 0, 21, 0, 0, 0, 0, 0, 0, 0, 0, 0, 0, 1, 6, 28
"d:\wamp64\www\darkened-hub-dev\backend\web\index.php", "PHP", 0, 14, 0, 0, 0, 0, 0, 0, 0, 0, 0, 0, 0, 5, 19
"d:\wamp64\www\darkened-hub-dev\codeception.yml", "YAML", 0, 0, 0, 0, 0, 0, 0, 8, 0, 0, 0, 0, 1, 0, 9
"d:\wamp64\www\darkened-hub-dev\common\codeception.yml", "YAML", 0, 0, 0, 0, 0, 0, 0, 15, 0, 0, 0, 0, 0, 1, 16
"d:\wamp64\www\darkened-hub-dev\common\config\__autocomplete.php", "PHP", 0, 8, 0, 0, 0, 0, 0, 0, 0, 0, 0, 0, 22, 4, 34
"d:\wamp64\www\darkened-hub-dev\common\config\bootstrap.php", "PHP", 0, 5, 0, 0, 0, 0, 0, 0, 0, 0, 0, 0, 0, 1, 6
"d:\wamp64\www\darkened-hub-dev\common\config\main.php", "PHP", 0, 59, 0, 0, 0, 0, 0, 0, 0, 0, 0, 0, 3, 1, 63
"d:\wamp64\www\darkened-hub-dev\common\config\params.php", "PHP", 0, 10, 0, 0, 0, 0, 0, 0, 0, 0, 0, 0, 0, 2, 12
"d:\wamp64\www\darkened-hub-dev\common\config\test.php", "PHP", 0, 11, 0, 0, 0, 0, 0, 0, 0, 0, 0, 0, 0, 1, 12
"d:\wamp64\www\darkened-hub-dev\common\fixtures\UserFixture.php", "PHP", 0, 7, 0, 0, 0, 0, 0, 0, 0, 0, 0, 0, 0, 4, 11
"d:\wamp64\www\darkened-hub-dev\common\mail\emailVerify-html.php", "PHP", 0, 9, 0, 0, 0, 0, 0, 0, 0, 0, 0, 0, 2, 6, 17
"d:\wamp64\www\darkened-hub-dev\common\mail\emailVerify-text.php", "PHP", 0, 6, 0, 0, 0, 0, 0, 0, 0, 0, 0, 0, 2, 5, 13
"d:\wamp64\www\darkened-hub-dev\common\mail\layouts\html.php", "PHP", 0, 18, 0, 0, 0, 0, 0, 0, 0, 0, 0, 0, 3, 4, 25
"d:\wamp64\www\darkened-hub-dev\common\mail\layouts\text.php", "PHP", 0, 7, 0, 0, 0, 0, 0, 0, 0, 0, 0, 0, 3, 3, 13
"d:\wamp64\www\darkened-hub-dev\common\mail\passwordResetToken-html.php", "PHP", 0, 9, 0, 0, 0, 0, 0, 0, 0, 0, 0, 0, 2, 6, 17
"d:\wamp64\www\darkened-hub-dev\common\mail\passwordResetToken-text.php", "PHP", 0, 6, 0, 0, 0, 0, 0, 0, 0, 0, 0, 0, 2, 5, 13
"d:\wamp64\www\darkened-hub-dev\common\models\Announcement.php", "PHP", 0, 81, 0, 0, 0, 0, 0, 0, 0, 0, 0, 0, 31, 21, 133
"d:\wamp64\www\darkened-hub-dev\common\models\AuthAssignment.php", "PHP", 0, 34, 0, 0, 0, 0, 0, 0, 0, 0, 0, 0, 25, 8, 67
"d:\wamp64\www\darkened-hub-dev\common\models\AuthItem.php", "PHP", 0, 58, 0, 0, 0, 0, 0, 0, 0, 0, 0, 0, 45, 12, 115
"d:\wamp64\www\darkened-hub-dev\common\models\AuthItemChild.php", "PHP", 0, 32, 0, 0, 0, 0, 0, 0, 0, 0, 0, 0, 24, 8, 64
"d:\wamp64\www\darkened-hub-dev\common\models\AuthRule.php", "PHP", 0, 32, 0, 0, 0, 0, 0, 0, 0, 0, 0, 0, 22, 7, 61
"d:\wamp64\www\darkened-hub-dev\common\models\Concert.php", "PHP", 0, 48, 0, 0, 0, 0, 0, 0, 0, 0, 0, 0, 28, 14, 90
"d:\wamp64\www\darkened-hub-dev\common\models\Proposal.php", "PHP", 0, 70, 0, 0, 0, 0, 0, 0, 0, 0, 0, 0, 35, 16, 121
"d:\wamp64\www\darkened-hub-dev\common\models\PublicProposal.php", "PHP", 0, 82, 0, 0, 0, 0, 0, 0, 0, 0, 0, 0, 34, 21, 137
"d:\wamp64\www\darkened-hub-dev\common\models\Song.php", "PHP", 0, 121, 0, 0, 0, 0, 0, 0, 0, 0, 0, 0, 53, 17, 191
"d:\wamp64\www\darkened-hub-dev\common\models\User.php", "PHP", 0, 230, 0, 0, 0, 0, 0, 0, 0, 0, 0, 0, 140, 46, 416
"d:\wamp64\www\darkened-hub-dev\common\tests\_bootstrap.php", "PHP", 0, 7, 0, 0, 0, 0, 0, 0, 0, 0, 0, 0, 0, 3, 10
"d:\wamp64\www\darkened-hub-dev\common\tests\_data\user.php", "PHP", 0, 12, 0, 0, 0, 0, 0, 0, 0, 0, 0, 0, 1, 2, 15
"d:\wamp64\www\darkened-hub-dev\common\tests\_support\UnitTester.php", "PHP", 0, 6, 0, 0, 0, 0, 0, 0, 0, 0, 0, 0, 18, 3, 27
"d:\wamp64\www\darkened-hub-dev\common\tests\unit.suite.yml", "YAML", 0, 0, 0, 0, 0, 0, 0, 7, 0, 0, 0, 0, 0, 1, 8
"d:\wamp64\www\darkened-hub-dev\common\tests\unit\models\LoginFormTest.php", "PHP", 0, 47, 0, 0, 0, 0, 0, 0, 0, 0, 0, 0, 9, 12, 68
"d:\wamp64\www\darkened-hub-dev\common\widgets\ActionColumn.php", "PHP", 0, 52, 0, 0, 0, 0, 0, 0, 0, 0, 0, 0, 4, 7, 63
"d:\wamp64\www\darkened-hub-dev\common\widgets\Alert.php", "PHP", 0, 36, 0, 0, 0, 0, 0, 0, 0, 0, 0, 0, 32, 9, 77
"d:\wamp64\www\darkened-hub-dev\common\widgets\DatePicker.php", "PHP", 0, 19, 0, 0, 0, 0, 0, 0, 0, 0, 0, 0, 0, 5, 24
"d:\wamp64\www\darkened-hub-dev\common\widgets\DateTimePicker.php", "PHP", 0, 22, 0, 0, 0, 0, 0, 0, 0, 0, 0, 0, 0, 5, 27
"d:\wamp64\www\darkened-hub-dev\composer.json", "JSON", 0, 0, 0, 0, 0, 0, 0, 0, 0, 0, 63, 0, 0, 1, 64
"d:\wamp64\www\darkened-hub-dev\composer.lock", "JSON", 0, 0, 0, 0, 0, 0, 0, 0, 0, 0, 7195, 0, 0, 1, 7196
"d:\wamp64\www\darkened-hub-dev\console\config\bootstrap.php", "PHP", 0, 1, 0, 0, 0, 0, 0, 0, 0, 0, 0, 0, 0, 1, 2
"d:\wamp64\www\darkened-hub-dev\console\config\main.php", "PHP", 0, 34, 0, 0, 0, 0, 0, 0, 0, 0, 0, 0, 0, 3, 37
"d:\wamp64\www\darkened-hub-dev\console\config\params.php", "PHP", 0, 4, 0, 0, 0, 0, 0, 0, 0, 0, 0, 0, 0, 2, 6
"d:\wamp64\www\darkened-hub-dev\console\config\test.php", "PHP", 0, 3, 0, 0, 0, 0, 0, 0, 0, 0, 0, 0, 0, 2, 5
"d:\wamp64\www\darkened-hub-dev\console\migrations\m130524_201442_init.php", "PHP", 0, 27, 0, 0, 0, 0, 0, 0, 0, 0, 0, 0, 1, 6, 34
"d:\wamp64\www\darkened-hub-dev\console\migrations\m190124_110200_add_verification_token_column_to_user_table.php", "PHP", 0, 13, 0, 0, 0, 0, 0, 0, 0, 0, 0, 0, 0, 4, 17
"d:\wamp64\www\darkened-hub-dev\console\migrations\m240518_142815_base_structure.php", "PHP", 0, 92, 0, 0, 0, 0, 0, 0, 0, 0, 0, 0, 11, 12, 115
"d:\wamp64\www\darkened-hub-dev\console\migrations\m240519_150049_initial_datas.php", "PHP", 0, 51, 0, 0, 0, 0, 0, 0, 0, 0, 0, 0, 13, 9, 73
"d:\wamp64\www\darkened-hub-dev\console\migrations\m240701_074339_update_chimes.php", "PHP", 0, 14, 0, 0, 0, 0, 0, 0, 0, 0, 0, 0, 9, 4, 27
"d:\wamp64\www\darkened-hub-dev\console\migrations\m240701_091010_update_chimes_bpm.php", "PHP", 0, 14, 0, 0, 0, 0, 0, 0, 0, 0, 0, 0, 9, 4, 27
"d:\wamp64\www\darkened-hub-dev\console\migrations\m241201_212541_add_state_column_to_songs_table.php", "PHP", 0, 11, 0, 0, 0, 0, 0, 0, 0, 0, 0, 0, 9, 4, 24
"d:\wamp64\www\darkened-hub-dev\darkenedhub.sql", "MS SQL", 0, 0, 0, 0, 0, 0, 0, 0, 0, 0, 0, 233, 154, 82, 469
"d:\wamp64\www\darkened-hub-dev\docker-compose.yml", "YAML", 0, 0, 0, 0, 0, 0, 0, 23, 0, 0, 0, 0, 10, 5, 38
"d:\wamp64\www\darkened-hub-dev\docs\documentation.md", "Markdown", 4, 0, 0, 0, 0, 0, 0, 0, 0, 0, 0, 0, 0, 3, 7
"d:\wamp64\www\darkened-hub-dev\environments\dev\backend\config\codeception-local.php", "PHP", 0, 10, 0, 0, 0, 0, 0, 0, 0, 0, 0, 0, 0, 2, 12
"d:\wamp64\www\darkened-hub-dev\environments\dev\backend\config\main-local.php", "PHP", 0, 19, 0, 0, 0, 0, 0, 0, 0, 0, 0, 0, 2, 5, 26
"d:\wamp64\www\darkened-hub-dev\environments\dev\backend\config\params-local.php", "PHP", 0, 3, 0, 0, 0, 0, 0, 0, 0, 0, 0, 0, 0, 2, 5
"d:\wamp64\www\darkened-hub-dev\environments\dev\backend\config\test-local.php", "PHP", 0, 3, 0, 0, 0, 0, 0, 0, 0, 0, 0, 0, 0, 2, 5
"d:\wamp64\www\darkened-hub-dev\environments\dev\backend\web\index-test.php", "PHP", 0, 21, 0, 0, 0, 0, 0, 0, 0, 0, 0, 0, 1, 6, 28
"d:\wamp64\www\darkened-hub-dev\environments\dev\backend\web\index.php", "PHP", 0, 14, 0, 0, 0, 0, 0, 0, 0, 0, 0, 0, 0, 5, 19
"d:\wamp64\www\darkened-hub-dev\environments\dev\common\config\codeception-local.php", "PHP", 0, 14, 0, 0, 0, 0, 0, 0, 0, 0, 0, 0, 1, 2, 17
"d:\wamp64\www\darkened-hub-dev\environments\dev\common\config\main-local.php", "PHP", 0, 17, 0, 0, 0, 0, 0, 0, 0, 0, 0, 0, 25, 2, 44
"d:\wamp64\www\darkened-hub-dev\environments\dev\common\config\params-local.php", "PHP", 0, 3, 0, 0, 0, 0, 0, 0, 0, 0, 0, 0, 0, 2, 5
"d:\wamp64\www\darkened-hub-dev\environments\dev\common\config\test-local.php", "PHP", 0, 8, 0, 0, 0, 0, 0, 0, 0, 0, 0, 0, 0, 2, 10
"d:\wamp64\www\darkened-hub-dev\environments\dev\console\config\main-local.php", "PHP", 0, 7, 0, 0, 0, 0, 0, 0, 0, 0, 0, 0, 0, 2, 9
"d:\wamp64\www\darkened-hub-dev\environments\dev\console\config\params-local.php", "PHP", 0, 3, 0, 0, 0, 0, 0, 0, 0, 0, 0, 0, 0, 2, 5
"d:\wamp64\www\darkened-hub-dev\environments\dev\console\config\test-local.php", "PHP", 0, 3, 0, 0, 0, 0, 0, 0, 0, 0, 0, 0, 0, 2, 5
"d:\wamp64\www\darkened-hub-dev\environments\dev\frontend\config\codeception-local.php", "PHP", 0, 10, 0, 0, 0, 0, 0, 0, 0, 0, 0, 0, 0, 2, 12
"d:\wamp64\www\darkened-hub-dev\environments\dev\frontend\config\main-local.php", "PHP", 0, 19, 0, 0, 0, 0, 0, 0, 0, 0, 0, 0, 2, 5, 26
"d:\wamp64\www\darkened-hub-dev\environments\dev\frontend\config\params-local.php", "PHP", 0, 3, 0, 0, 0, 0, 0, 0, 0, 0, 0, 0, 0, 2, 5
"d:\wamp64\www\darkened-hub-dev\environments\dev\frontend\config\test-local.php", "PHP", 0, 3, 0, 0, 0, 0, 0, 0, 0, 0, 0, 0, 0, 2, 5
"d:\wamp64\www\darkened-hub-dev\environments\dev\frontend\web\index-test.php", "PHP", 0, 21, 0, 0, 0, 0, 0, 0, 0, 0, 0, 0, 1, 7, 29
"d:\wamp64\www\darkened-hub-dev\environments\dev\frontend\web\index.php", "PHP", 0, 14, 0, 0, 0, 0, 0, 0, 0, 0, 0, 0, 0, 5, 19
"d:\wamp64\www\darkened-hub-dev\environments\dev\yii_test.bat", "Batch", 0, 0, 6, 0, 0, 0, 0, 0, 0, 0, 0, 0, 3, 7, 16
"d:\wamp64\www\darkened-hub-dev\environments\index.php", "PHP", 0, 39, 0, 0, 0, 0, 0, 0, 0, 0, 0, 0, 29, 1, 69
"d:\wamp64\www\darkened-hub-dev\environments\prod\backend\config\main-local.php", "PHP", 0, 8, 0, 0, 0, 0, 0, 0, 0, 0, 0, 0, 1, 2, 11
"d:\wamp64\www\darkened-hub-dev\environments\prod\backend\config\params-local.php", "PHP", 0, 3, 0, 0, 0, 0, 0, 0, 0, 0, 0, 0, 0, 2, 5
"d:\wamp64\www\darkened-hub-dev\environments\prod\backend\web\index.php", "PHP", 0, 14, 0, 0, 0, 0, 0, 0, 0, 0, 0, 0, 0, 5, 19
"d:\wamp64\www\darkened-hub-dev\environments\prod\common\config\main-local.php", "PHP", 0, 16, 0, 0, 0, 0, 0, 0, 0, 0, 0, 0, 0, 2, 18
"d:\wamp64\www\darkened-hub-dev\environments\prod\common\config\params-local.php", "PHP", 0, 3, 0, 0, 0, 0, 0, 0, 0, 0, 0, 0, 0, 2, 5
"d:\wamp64\www\darkened-hub-dev\environments\prod\console\config\main-local.php", "PHP", 0, 3, 0, 0, 0, 0, 0, 0, 0, 0, 0, 0, 0, 2, 5
"d:\wamp64\www\darkened-hub-dev\environments\prod\console\config\params-local.php", "PHP", 0, 3, 0, 0, 0, 0, 0, 0, 0, 0, 0, 0, 0, 2, 5
"d:\wamp64\www\darkened-hub-dev\environments\prod\frontend\config\main-local.php", "PHP", 0, 8, 0, 0, 0, 0, 0, 0, 0, 0, 0, 0, 1, 2, 11
"d:\wamp64\www\darkened-hub-dev\environments\prod\frontend\config\params-local.php", "PHP", 0, 3, 0, 0, 0, 0, 0, 0, 0, 0, 0, 0, 0, 2, 5
"d:\wamp64\www\darkened-hub-dev\environments\prod\frontend\web\index.php", "PHP", 0, 14, 0, 0, 0, 0, 0, 0, 0, 0, 0, 0, 0, 5, 19
"d:\wamp64\www\darkened-hub-dev\frontend\Dockerfile", "Docker", 0, 0, 0, 0, 0, 0, 2, 0, 0, 0, 0, 0, 1, 2, 5
"d:\wamp64\www\darkened-hub-dev\frontend\assets\AppAsset.php", "PHP", 0, 18, 0, 0, 0, 0, 0, 0, 0, 0, 0, 0, 3, 4, 25
"d:\wamp64\www\darkened-hub-dev\frontend\codeception.yml", "YAML", 0, 0, 0, 0, 0, 0, 0, 15, 0, 0, 0, 0, 0, 1, 16
"d:\wamp64\www\darkened-hub-dev\frontend\config\bootstrap.php", "PHP", 0, 1, 0, 0, 0, 0, 0, 0, 0, 0, 0, 0, 0, 1, 2
"d:\wamp64\www\darkened-hub-dev\frontend\config\main.php", "PHP", 0, 67, 0, 0, 0, 0, 0, 0, 0, 0, 0, 0, 0, 2, 69
"d:\wamp64\www\darkened-hub-dev\frontend\config\params.php", "PHP", 0, 4, 0, 0, 0, 0, 0, 0, 0, 0, 0, 0, 0, 1, 5
"d:\wamp64\www\darkened-hub-dev\frontend\config\test.php", "PHP", 0, 18, 0, 0, 0, 0, 0, 0, 0, 0, 0, 0, 0, 1, 19
"d:\wamp64\www\darkened-hub-dev\frontend\controllers\AnnouncementController.php", "PHP", 0, 98, 0, 0, 0, 0, 0, 0, 0, 0, 0, 0, 28, 15, 141
"d:\wamp64\www\darkened-hub-dev\frontend\controllers\ConcertController.php", "PHP", 0, 44, 0, 0, 0, 0, 0, 0, 0, 0, 0, 0, 18, 8, 70
"d:\wamp64\www\darkened-hub-dev\frontend\controllers\ProposalController.php", "PHP", 0, 101, 0, 0, 0, 0, 0, 0, 0, 0, 0, 0, 28, 16, 145
"d:\wamp64\www\darkened-hub-dev\frontend\controllers\PublicproposalController.php", "PHP", 0, 104, 0, 0, 0, 0, 0, 0, 0, 0, 0, 0, 28, 16, 148
"d:\wamp64\www\darkened-hub-dev\frontend\controllers\SiteController.php", "PHP", 0, 68, 0, 0, 0, 0, 0, 0, 0, 0, 0, 0, 26, 15, 109
"d:\wamp64\www\darkened-hub-dev\frontend\controllers\SongController.php", "PHP", 0, 203, 0, 0, 0, 0, 0, 0, 0, 0, 0, 0, 47, 29, 279
"d:\wamp64\www\darkened-hub-dev\frontend\controllers\UserController.php", "PHP", 0, 186, 0, 0, 0, 0, 0, 0, 0, 0, 0, 0, 73, 41, 300
"d:\wamp64\www\darkened-hub-dev\frontend\models\ChangePasswordForm.php", "PHP", 0, 55, 0, 0, 0, 0, 0, 0, 0, 0, 0, 0, 22, 13, 90
"d:\wamp64\www\darkened-hub-dev\frontend\models\ContactForm.php", "PHP", 0, 40, 0, 0, 0, 0, 0, 0, 0, 0, 0, 0, 18, 8, 66
"d:\wamp64\www\darkened-hub-dev\frontend\models\LoginForm.php", "PHP", 0, 51, 0, 0, 0, 0, 0, 0, 0, 0, 0, 0, 29, 13, 93
"d:\wamp64\www\darkened-hub-dev\frontend\models\PasswordResetRequestForm.php", "PHP", 0, 54, 0, 0, 0, 0, 0, 0, 0, 0, 0, 0, 15, 11, 80
"d:\wamp64\www\darkened-hub-dev\frontend\models\ResendVerificationEmailForm.php", "PHP", 0, 42, 0, 0, 0, 0, 0, 0, 0, 0, 0, 0, 11, 9, 62
"d:\wamp64\www\darkened-hub-dev\frontend\models\ResetPasswordForm.php", "PHP", 0, 43, 0, 0, 0, 0, 0, 0, 0, 0, 0, 0, 24, 11, 78
"d:\wamp64\www\darkened-hub-dev\frontend\models\SignupForm.php", "PHP", 0, 72, 0, 0, 0, 0, 0, 0, 0, 0, 0, 0, 26, 11, 109
"d:\wamp64\www\darkened-hub-dev\frontend\models\UploadAvatarForm.php", "PHP", 0, 50, 0, 0, 0, 0, 0, 0, 0, 0, 0, 0, 6, 13, 69
"d:\wamp64\www\darkened-hub-dev\frontend\models\VerifyEmailForm.php", "PHP", 0, 34, 0, 0, 0, 0, 0, 0, 0, 0, 0, 0, 21, 9, 64
"d:\wamp64\www\darkened-hub-dev\frontend\tests\_bootstrap.php", "PHP", 0, 8, 0, 0, 0, 0, 0, 0, 0, 0, 0, 0, 0, 3, 11
"d:\wamp64\www\darkened-hub-dev\frontend\tests\_data\login_data.php", "PHP", 0, 22, 0, 0, 0, 0, 0, 0, 0, 0, 0, 0, 2, 2, 26
"d:\wamp64\www\darkened-hub-dev\frontend\tests\_data\user.php", "PHP", 0, 42, 0, 0, 0, 0, 0, 0, 0, 0, 0, 0, 2, 2, 46
"d:\wamp64\www\darkened-hub-dev\frontend\tests\_support\FunctionalTester.php", "PHP", 0, 14, 0, 0, 0, 0, 0, 0, 0, 0, 0, 0, 15, 6, 35
"d:\wamp64\www\darkened-hub-dev\frontend\tests\_support\UnitTester.php", "PHP", 0, 6, 0, 0, 0, 0, 0, 0, 0, 0, 0, 0, 18, 3, 27
"d:\wamp64\www\darkened-hub-dev\frontend\tests\acceptance\HomeCest.php", "PHP", 0, 16, 0, 0, 0, 0, 0, 0, 0, 0, 0, 0, 0, 6, 22
"d:\wamp64\www\darkened-hub-dev\frontend\tests\acceptance\_bootstrap.php", "PHP", 0, 1, 0, 0, 0, 0, 0, 0, 0, 0, 0, 0, 15, 0, 16
"d:\wamp64\www\darkened-hub-dev\frontend\tests\functional.suite.yml", "YAML", 0, 0, 0, 0, 0, 0, 0, 7, 0, 0, 0, 0, 0, 1, 8
"d:\wamp64\www\darkened-hub-dev\frontend\tests\functional\AboutCest.php", "PHP", 0, 11, 0, 0, 0, 0, 0, 0, 0, 0, 0, 0, 0, 4, 15
"d:\wamp64\www\darkened-hub-dev\frontend\tests\functional\ContactCest.php", "PHP", 0, 51, 0, 0, 0, 0, 0, 0, 0, 0, 0, 0, 1, 9, 61
"d:\wamp64\www\darkened-hub-dev\frontend\tests\functional\HomeCest.php", "PHP", 0, 14, 0, 0, 0, 0, 0, 0, 0, 0, 0, 0, 0, 3, 17
"d:\wamp64\www\darkened-hub-dev\frontend\tests\functional\LoginCest.php", "PHP", 0, 50, 0, 0, 0, 0, 0, 0, 0, 0, 0, 0, 7, 10, 67
"d:\wamp64\www\darkened-hub-dev\frontend\tests\functional\ResendVerificationEmailCest.php", "PHP", 0, 63, 0, 0, 0, 0, 0, 0, 0, 0, 0, 0, 7, 14, 84
"d:\wamp64\www\darkened-hub-dev\frontend\tests\functional\SignupCest.php", "PHP", 0, 48, 0, 0, 0, 0, 0, 0, 0, 0, 0, 0, 0, 12, 60
"d:\wamp64\www\darkened-hub-dev\frontend\tests\functional\VerifyEmailCest.php", "PHP", 0, 52, 0, 0, 0, 0, 0, 0, 0, 0, 0, 0, 7, 10, 69
"d:\wamp64\www\darkened-hub-dev\frontend\tests\functional\_bootstrap.php", "PHP", 0, 1, 0, 0, 0, 0, 0, 0, 0, 0, 0, 0, 15, 0, 16
"d:\wamp64\www\darkened-hub-dev\frontend\tests\unit.suite.yml", "YAML", 0, 0, 0, 0, 0, 0, 0, 7, 0, 0, 0, 0, 0, 1, 8
"d:\wamp64\www\darkened-hub-dev\frontend\tests\unit\_bootstrap.php", "PHP", 0, 1, 0, 0, 0, 0, 0, 0, 0, 0, 0, 0, 15, 1, 17
"d:\wamp64\www\darkened-hub-dev\frontend\tests\unit\models\ContactFormTest.php", "PHP", 0, 26, 0, 0, 0, 0, 0, 0, 0, 0, 0, 0, 2, 8, 36
"d:\wamp64\www\darkened-hub-dev\frontend\tests\unit\models\PasswordResetRequestFormTest.php", "PHP", 0, 45, 0, 0, 0, 0, 0, 0, 0, 0, 0, 0, 3, 12, 60
"d:\wamp64\www\darkened-hub-dev\frontend\tests\unit\models\ResendVerificationEmailFormTest.php", "PHP", 0, 65, 0, 0, 0, 0, 0, 0, 0, 0, 0, 0, 3, 18, 86
"d:\wamp64\www\darkened-hub-dev\frontend\tests\unit\models\ResetPasswordFormTest.php", "PHP", 0, 32, 0, 0, 0, 0, 0, 0, 0, 0, 0, 0, 3, 10, 45
"d:\wamp64\www\darkened-hub-dev\frontend\tests\unit\models\SignupFormTest.php", "PHP", 0, 54, 0, 0, 0, 0, 0, 0, 0, 0, 0, 0, 4, 15, 73
"d:\wamp64\www\darkened-hub-dev\frontend\tests\unit\models\VerifyEmailFormTest.php", "PHP", 0, 42, 0, 0, 0, 0, 0, 0, 0, 0, 0, 0, 3, 11, 56
"d:\wamp64\www\darkened-hub-dev\frontend\translations\config.php", "PHP", 0, 25, 0, 0, 0, 0, 0, 0, 0, 0, 0, 0, 47, 6, 78
"d:\wamp64\www\darkened-hub-dev\frontend\translations\ro\app.php", "PHP", 0, 186, 0, 0, 0, 0, 0, 0, 0, 0, 0, 0, 17, 1, 204
"d:\wamp64\www\darkened-hub-dev\frontend\translations\ro\fileinput.php", "PHP", 0, 7, 0, 0, 0, 0, 0, 0, 0, 0, 0, 0, 17, 1, 25
"d:\wamp64\www\darkened-hub-dev\frontend\translations\ro\kvbase.php", "PHP", 0, 4, 0, 0, 0, 0, 0, 0, 0, 0, 0, 0, 17, 1, 22
"d:\wamp64\www\darkened-hub-dev\frontend\translations\ro\kvcolor.php", "PHP", 0, 9, 0, 0, 0, 0, 0, 0, 0, 0, 0, 0, 17, 1, 27
"d:\wamp64\www\darkened-hub-dev\frontend\translations\ro\kvdate.php", "PHP", 0, 5, 0, 0, 0, 0, 0, 0, 0, 0, 0, 0, 17, 1, 23
"d:\wamp64\www\darkened-hub-dev\frontend\translations\ro\kvdialog.php", "PHP", 0, 7, 0, 0, 0, 0, 0, 0, 0, 0, 0, 0, 0, 2, 9
"d:\wamp64\www\darkened-hub-dev\frontend\translations\ro\kvdtime.php", "PHP", 0, 5, 0, 0, 0, 0, 0, 0, 0, 0, 0, 0, 17, 1, 23
"d:\wamp64\www\darkened-hub-dev\frontend\translations\ro\kvgrid.php", "PHP", 0, 78, 0, 0, 0, 0, 0, 0, 0, 0, 0, 0, 17, 1, 96
"d:\wamp64\www\darkened-hub-dev\frontend\translations\ro\kvselect.php", "PHP", 0, 5, 0, 0, 0, 0, 0, 0, 0, 0, 0, 0, 17, 1, 23
"d:\wamp64\www\darkened-hub-dev\frontend\translations\ro\yii.php", "PHP", 0, 124, 0, 0, 0, 0, 0, 0, 0, 0, 0, 0, 17, 1, 142
"d:\wamp64\www\darkened-hub-dev\frontend\translations\ro\yii\bootstrap5.php", "PHP", 0, 8, 0, 0, 0, 0, 0, 0, 0, 0, 0, 0, 17, 1, 26
"d:\wamp64\www\darkened-hub-dev\frontend\views\announcement\_announcement_edit.php", "PHP", 0, 74, 0, 0, 0, 0, 0, 0, 0, 0, 0, 0, 5, 12, 91
"d:\wamp64\www\darkened-hub-dev\frontend\views\announcement\createannouncement.php", "PHP", 0, 0, 0, 0, 0, 0, 0, 0, 0, 0, 0, 0, 0, 1, 1
"d:\wamp64\www\darkened-hub-dev\frontend\views\announcement\deleteannouncement.php", "PHP", 0, 0, 0, 0, 0, 0, 0, 0, 0, 0, 0, 0, 0, 1, 1
"d:\wamp64\www\darkened-hub-dev\frontend\views\announcement\index.php", "PHP", 0, 147, 0, 0, 0, 0, 0, 0, 0, 0, 0, 0, 3, 32, 182
"d:\wamp64\www\darkened-hub-dev\frontend\views\announcement\updateannouncement.php", "PHP", 0, 0, 0, 0, 0, 0, 0, 0, 0, 0, 0, 0, 0, 1, 1
"d:\wamp64\www\darkened-hub-dev\frontend\views\concert\updateconcertinfo.php", "PHP", 0, 0, 0, 0, 0, 0, 0, 0, 0, 0, 0, 0, 0, 1, 1
"d:\wamp64\www\darkened-hub-dev\frontend\views\layouts\main.php", "PHP", 0, 118, 0, 0, 0, 0, 0, 0, 0, 0, 0, 0, 2, 13, 133
"d:\wamp64\www\darkened-hub-dev\frontend\views\proposal\_proposals_popups.php", "PHP", 0, 163, 0, 0, 0, 0, 0, 0, 0, 0, 0, 0, 1, 14, 178
"d:\wamp64\www\darkened-hub-dev\frontend\views\proposal\_proposals_table.php", "PHP", 0, 147, 0, 0, 0, 0, 0, 0, 0, 0, 0, 0, 2, 10, 159
"d:\wamp64\www\darkened-hub-dev\frontend\views\proposal\createproposal.php", "PHP", 0, 0, 0, 0, 0, 0, 0, 0, 0, 0, 0, 0, 0, 1, 1
"d:\wamp64\www\darkened-hub-dev\frontend\views\proposal\deleteproposal.php", "PHP", 0, 0, 0, 0, 0, 0, 0, 0, 0, 0, 0, 0, 0, 1, 1
"d:\wamp64\www\darkened-hub-dev\frontend\views\proposal\proposals.php", "PHP", 0, 42, 0, 0, 0, 0, 0, 0, 0, 0, 0, 0, 3, 8, 53
"d:\wamp64\www\darkened-hub-dev\frontend\views\proposal\updateproposal.php", "PHP", 0, 0, 0, 0, 0, 0, 0, 0, 0, 0, 0, 0, 0, 1, 1
"d:\wamp64\www\darkened-hub-dev\frontend\views\publicproposal\_proposals_popups.php", "PHP", 0, 163, 0, 0, 0, 0, 0, 0, 0, 0, 0, 0, 1, 14, 178
"d:\wamp64\www\darkened-hub-dev\frontend\views\publicproposal\_public_proposals_table.php", "PHP", 0, 142, 0, 0, 0, 0, 0, 0, 0, 0, 0, 0, 2, 10, 154
"d:\wamp64\www\darkened-hub-dev\frontend\views\publicproposal\createproposal.php", "PHP", 0, 0, 0, 0, 0, 0, 0, 0, 0, 0, 0, 0, 0, 1, 1
"d:\wamp64\www\darkened-hub-dev\frontend\views\publicproposal\deleteproposal.php", "PHP", 0, 0, 0, 0, 0, 0, 0, 0, 0, 0, 0, 0, 0, 1, 1
"d:\wamp64\www\darkened-hub-dev\frontend\views\publicproposal\proposals.php", "PHP", 0, 31, 0, 0, 0, 0, 0, 0, 0, 0, 0, 0, 3, 6, 40
"d:\wamp64\www\darkened-hub-dev\frontend\views\publicproposal\updateproposal.php", "PHP", 0, 0, 0, 0, 0, 0, 0, 0, 0, 0, 0, 0, 0, 1, 1
"d:\wamp64\www\darkened-hub-dev\frontend\views\site\_announcement.php", "PHP", 0, 14, 0, 0, 0, 0, 0, 0, 0, 0, 0, 0, 4, 2, 20
"d:\wamp64\www\darkened-hub-dev\frontend\views\site\_proposal_item.php", "PHP", 0, 8, 0, 0, 0, 0, 0, 0, 0, 0, 0, 0, 4, 3, 15
"d:\wamp64\www\darkened-hub-dev\frontend\views\site\about.php", "PHP", 0, 106, 0, 0, 0, 0, 0, 0, 0, 0, 0, 0, 2, 8, 116
"d:\wamp64\www\darkened-hub-dev\frontend\views\site\concerts.php", "PHP", 0, 114, 0, 0, 0, 0, 0, 0, 0, 0, 0, 0, 5, 16, 135
"d:\wamp64\www\darkened-hub-dev\frontend\views\site\contact.php", "PHP", 0, 38, 0, 0, 0, 0, 0, 0, 0, 0, 0, 0, 4, 15, 57
"d:\wamp64\www\darkened-hub-dev\frontend\views\site\error.php", "PHP", 0, 18, 0, 0, 0, 0, 0, 0, 0, 0, 0, 0, 4, 8, 30
"d:\wamp64\www\darkened-hub-dev\frontend\views\site\index.php", "PHP", 0, 204, 0, 0, 0, 0, 0, 0, 0, 0, 0, 0, 5, 8, 217
"d:\wamp64\www\darkened-hub-dev\frontend\views\song\_delete_songs_popups.php", "PHP", 0, 26, 0, 0, 0, 0, 0, 0, 0, 0, 0, 0, 0, 0, 26
"d:\wamp64\www\darkened-hub-dev\frontend\views\song\_settingsbar.php", "PHP", 0, 67, 0, 0, 0, 0, 0, 0, 0, 0, 0, 0, 0, 4, 71
"d:\wamp64\www\darkened-hub-dev\frontend\views\song\_songs_table.php", "PHP", 0, 241, 0, 0, 0, 0, 0, 0, 0, 0, 0, 0, 6, 15, 262
"d:\wamp64\www\darkened-hub-dev\frontend\views\song\concert.php", "PHP", 0, 27, 0, 0, 0, 0, 0, 0, 0, 0, 0, 0, 7, 6, 40
"d:\wamp64\www\darkened-hub-dev\frontend\views\song\create.php", "PHP", 0, 0, 0, 0, 0, 0, 0, 0, 0, 0, 0, 0, 0, 1, 1
"d:\wamp64\www\darkened-hub-dev\frontend\views\song\delete.php", "PHP", 0, 0, 0, 0, 0, 0, 0, 0, 0, 0, 0, 0, 0, 1, 1
"d:\wamp64\www\darkened-hub-dev\frontend\views\song\edit.php", "PHP", 0, 104, 0, 0, 0, 0, 0, 0, 0, 0, 0, 0, 1, 7, 112
"d:\wamp64\www\darkened-hub-dev\frontend\views\song\index.php", "PHP", 0, 25, 0, 0, 0, 0, 0, 0, 0, 0, 0, 0, 6, 7, 38
"d:\wamp64\www\darkened-hub-dev\frontend\views\song\stats.php", "PHP", 0, 225, 0, 0, 0, 0, 0, 0, 0, 0, 0, 0, 18, 29, 272
"d:\wamp64\www\darkened-hub-dev\frontend\views\song\update.php", "PHP", 0, 0, 0, 0, 0, 0, 0, 0, 0, 0, 0, 0, 0, 1, 1
"d:\wamp64\www\darkened-hub-dev\frontend\views\user\index.php", "PHP", 0, 15, 0, 0, 0, 0, 0, 0, 0, 0, 0, 0, 1, 4, 20
"d:\wamp64\www\darkened-hub-dev\frontend\views\user\login.php", "PHP", 0, 27, 0, 0, 0, 0, 0, 0, 0, 0, 0, 0, 4, 11, 42
"d:\wamp64\www\darkened-hub-dev\frontend\views\user\requestPasswordResetToken.php", "PHP", 0, 20, 0, 0, 0, 0, 0, 0, 0, 0, 0, 0, 4, 8, 32
"d:\wamp64\www\darkened-hub-dev\frontend\views\user\resendVerificationEmail.php", "PHP", 0, 20, 0, 0, 0, 0, 0, 0, 0, 0, 0, 0, 3, 9, 32
"d:\wamp64\www\darkened-hub-dev\frontend\views\user\resetPassword.php", "PHP", 0, 20, 0, 0, 0, 0, 0, 0, 0, 0, 0, 0, 3, 9, 32
"d:\wamp64\www\darkened-hub-dev\frontend\views\user\searchuser.php", "PHP", 0, 0, 0, 0, 0, 0, 0, 0, 0, 0, 0, 0, 0, 1, 1
"d:\wamp64\www\darkened-hub-dev\frontend\views\user\settings.php", "PHP", 0, 88, 0, 0, 0, 0, 0, 0, 0, 0, 0, 0, 2, 20, 110
"d:\wamp64\www\darkened-hub-dev\frontend\views\user\signup.php", "PHP", 0, 23, 0, 0, 0, 0, 0, 0, 0, 0, 0, 0, 2, 10, 35
"d:\wamp64\www\darkened-hub-dev\frontend\web\css\site.css", "CSS", 0, 0, 0, 0, 0, 1023, 0, 0, 0, 0, 0, 0, 47, 50, 1120
"d:\wamp64\www\darkened-hub-dev\frontend\web\css\stylesheet.css", "CSS", 0, 0, 0, 0, 0, 0, 0, 0, 0, 0, 0, 0, 0, 1, 1
"d:\wamp64\www\darkened-hub-dev\frontend\web\index-test.php", "PHP", 0, 21, 0, 0, 0, 0, 0, 0, 0, 0, 0, 0, 1, 7, 29
"d:\wamp64\www\darkened-hub-dev\frontend\web\index.php", "PHP", 0, 14, 0, 0, 0, 0, 0, 0, 0, 0, 0, 0, 0, 5, 19
"d:\wamp64\www\darkened-hub-dev\frontend\web\js\clock.js", "JavaScript", 0, 0, 0, 0, 56, 0, 0, 0, 0, 0, 0, 0, 8, 10, 74
"d:\wamp64\www\darkened-hub-dev\frontend\web\js\popup.js", "JavaScript", 0, 0, 0, 0, 14, 0, 0, 0, 0, 0, 0, 0, 0, 1, 15
"d:\wamp64\www\darkened-hub-dev\frontend\web\js\site.js", "JavaScript", 0, 0, 0, 0, 0, 0, 0, 0, 0, 0, 0, 0, 0, 1, 1
"d:\wamp64\www\darkened-hub-dev\init.bat", "Batch", 0, 0, 6, 0, 0, 0, 0, 0, 0, 0, 0, 0, 3, 7, 16
"d:\wamp64\www\darkened-hub-dev\requirements.php", "PHP", 0, 126, 0, 0, 0, 0, 0, 0, 0, 0, 0, 0, 21, 9, 156
"d:\wamp64\www\darkened-hub-dev\vagrant\config\vagrant-local.example.yml", "YAML", 0, 0, 0, 0, 0, 0, 0, 7, 0, 0, 0, 0, 9, 7, 23
"d:\wamp64\www\darkened-hub-dev\vagrant\nginx\app.conf", "Properties", 0, 0, 0, 0, 0, 0, 0, 0, 0, 46, 0, 0, 16, 16, 78
"d:\wamp64\www\darkened-hub-dev\vagrant\provision\always-as-root.sh", "Shell Script", 0, 0, 0, 0, 0, 0, 0, 0, 6, 0, 0, 0, 2, 4, 12
"d:\wamp64\www\darkened-hub-dev\vagrant\provision\common.sh", "Shell Script", 0, 0, 0, 0, 0, 0, 0, 0, 5, 0, 0, 0, 2, 3, 10
"d:\wamp64\www\darkened-hub-dev\vagrant\provision\once-as-root.sh", "Shell Script", 0, 0, 0, 0, 0, 0, 0, 0, 53, 0, 0, 0, 3, 18, 74
"d:\wamp64\www\darkened-hub-dev\vagrant\provision\once-as-vagrant.sh", "Shell Script", 0, 0, 0, 0, 0, 0, 0, 0, 18, 0, 0, 0, 3, 12, 33
"d:\wamp64\www\darkened-hub-dev\yii.bat", "Batch", 0, 0, 6, 0, 0, 0, 0, 0, 0, 0, 0, 0, 3, 7, 16
"d:\wamp64\www\darkened-hub-dev\yii_test.bat", "Batch", 0, 0, 6, 0, 0, 0, 0, 0, 0, 0, 0, 0, 3, 7, 16
"Total", "-", 37, 8632, 24, 52, 70, 1097, 4, 111, 82, 46, 7258, 233, 2490, 1906, 22042